Run 1: Wavelength (nm),Run 1: Intensity (rel),Run 2: Wavelength (nm),Run 2: Intensity (rel),Run 3: Wavelength (nm),Run 3: Intensity (rel),Run 4: Wavelength (nm),Run 4: Intensity (rel)
350,0.01749750973,350,0.021689865,350,0.1626653514,350,0.1950498291
350.7,0.01743868976,350.7,0.02063583198,350.7,0.1512698635,350.7,0.1861514583
351.3,0.01757800022,351.3,0.02232321965,351.3,0.1626008791,351.3,0.1958792217
352,0.01816852177,352,0.02312484565,352,0.1689030513,352,0.2054079309
352.6,0.01734659007,352.6,0.02390310063,352.6,0.1686935162,352.6,0.2067640889
353.3,0.01777148696,353.3,0.02105105711,353.3,0.154122765,353.3,0.1850388585
353.9,0.0180980926,353.9,0.0213875998,353.9,0.1577009805,353.9,0.1915348229
354.6,0.01764068992,354.6,0.02224297915,354.6,0.165340954,354.6,0.2009162644
355.2,0.01787519586,355.2,0.02067010948,355.2,0.1532201521,355.2,0.1842555882
355.9,0.01753543313,355.9,0.02229984863,355.9,0.1606989447,355.9,0.1919741987
356.5,0.01766932596,356.5,0.02139461111,356.5,0.1553316216,356.5,0.1901373976
357.2,0.01730557087,357.2,0.02254836048,357.2,0.1587325381,357.2,0.1911747452
357.8,0.01727538694,357.8,0.02124737368,357.8,0.1558312823,357.8,0.1879275721
358.5,0.01759812284,358.5,0.02171946829,358.5,0.1574914453,358.5,0.1895895939
359.1,0.01801605421,359.1,0.02150523394,359.1,0.1591032541,359.1,0.1909797368
359.8,0.01797271318,359.8,0.023293117,359.8,0.1753502863,359.8,0.2064825
360.4,0.01707338678,360.4,0.02194071395,360.4,0.1626008791,360.4,0.1961891313
361.1,0.01795800819,361.1,0.02247123612,361.1,0.1713046464,361.1,0.1978034124
361.8,0.01723127196,361.8,0.02148497906,361.8,0.1612791959,361.8,0.197964436
362.4,0.01779547932,362.4,0.02198122372,362.4,0.1586197115,362.4,0.1937139002
363.1,0.01758496574,363.1,0.02094510848,363.1,0.1532846245,363.1,0.1845889636
363.7,0.01756252128,363.7,0.02181373141,363.7,0.1729809275,363.7,0.1975541901
364.4,0.01753698103,364.4,0.02315834412,364.4,0.1721427869,364.4,0.2042459721
365,0.01763062861,365,0.02054390597,365,0.1660662679,365,0.1894601277
365.7,0.01797039134,365.7,0.02205834809,365.7,0.1716914805,365.7,0.2071978005
366.3,0.01767783938,366.3,0.02322066684,366.3,0.185778689,366.3,0.2143168208
367,0.01797193924,367,0.02327675729,367,0.1912266026,367,0.2260383631
367.6,0.01784655982,367.6,0.02406513971,367.6,0.1923871049,367.6,0.2286600528
368.3,0.01790537979,368.3,0.02257718474,368.3,0.1944179839,368.3,0.2278080036
368.9,0.01818013098,368.9,0.02153717433,368.9,0.1655988434,368.9,0.2063109573
369.6,0.01752691971,369.6,0.02066855141,369.6,0.1642288059,369.6,0.1939768783
370.2,0.01788525717,370.2,0.02231387125,370.2,0.1740608393,370.2,0.2082998812
370.9,0.01778928775,370.9,0.02127853504,370.9,0.164244924,370.9,0.1943159178
371.5,0.01797426108,371.5,0.02284828858,371.5,0.1719332518,371.5,0.2042168422
372.2,0.01775910381,372.2,0.02198901406,372.2,0.1714658272,372.2,0.2013046628
372.8,0.01811821522,372.8,0.02138604174,372.8,0.167371833,372.8,0.1965791481
373.5,0.01818322677,373.5,0.02163533262,373.5,0.1628587685,373.5,0.1972289064
374.1,0.01792240663,374.1,0.02182307982,374.1,0.1644544592,374.1,0.1944202999
374.8,0.01737367821,374.8,0.02162910035,374.8,0.1655021348,374.8,0.1953136164
375.4,0.01747119553,375.4,0.02251564106,375.4,0.1753664044,375.4,0.2046926303
376.1,0.01710124887,376.1,0.02056727699,376.1,0.1510442103,376.1,0.1891631647
376.7,0.0174541687,376.7,0.02324871206,376.7,0.1821521193,376.7,0.2170364193
377.4,0.01714536385,377.4,0.02269092371,377.4,0.1787028486,377.4,0.2160621865
378,0.01829854487,378,0.0231809361,378,0.1766880876,378,0.2176489561
378.7,0.01757567838,378.7,0.02291216937,378.7,0.1869875456,378.7,0.2258085607
379.3,0.01771034515,379.3,0.02483638338,379.3,0.2128248399,379.3,0.257214623
380,0.01760818415,380,0.02290282096,380,0.2040727184,380,0.2418073411
380.6,0.01727925668,380.6,0.02342866892,380.6,0.1871164903,380.6,0.2228607781
381.3,0.0178922227,381.3,0.02355253533,381.3,0.1910009494,381.3,0.2218331405
381.9,0.01779160959,381.9,0.02319807485,381.9,0.1779452984,381.9,0.2125229054
382.6,0.0178279851,382.6,0.02151925655,382.6,0.1698379004,382.6,0.2015902975
383.2,0.01764997729,383.2,0.0233640091,383.2,0.2002204954,383.2,0.2331177344
383.9,0.0177621996,383.9,0.02258653315,383.9,0.18374781,383.9,0.2170873966
384.5,0.01708267414,384.5,0.02166493591,384.5,0.1788479113,384.5,0.2220119656
385.2,0.01773433751,385.2,0.02334609131,385.2,0.2041694269,385.2,0.2380625325
385.8,0.01828693566,385.8,0.02400281699,385.8,0.2322148992,385.8,0.2772139077
386.5,0.0179943837,386.5,0.02318872644,386.5,0.2314734672,386.5,0.2681504675
387.1,0.01740618398,387.1,0.0250085499,387.1,0.2338589442,387.1,0.2714874577
387.8,0.01777226091,387.8,0.02292930812,387.8,0.1944824563,387.8,0.2347959395
388.4,0.01769718805,388.4,0.02404176869,388.4,0.2258482547,388.4,0.2670702343
389.1,0.01735510348,389.1,0.02227336148,389.1,0.1992372921,389.1,0.2337221795
389.7,0.01785197745,389.7,0.02444219217,389.7,0.186149405,389.7,0.220925259
390.4,0.01797426108,390.4,0.02285997409,390.4,0.176575261,390.4,0.2090240825
391,0.01780941037,391,0.02166961012,391,0.1654376625,391,0.1982557348
391.7,0.01746964764,391.7,0.02271741086,391.7,0.1765269067,391.7,0.2085337294
392.3,0.0180833876,392.3,0.02320430712,392.3,0.1905335248,392.3,0.2226908538
393,0.01728003062,393,0.02262548485,393,0.173271053,393,0.2053067854
393.6,0.01770260568,393.6,0.0233710204,393.6,0.1799600594,393.6,0.2115947949
394.3,0.01774594671,394.3,0.02261457838,394.3,0.18265178,394.3,0.2190536639
394.9,0.01756329522,394.9,0.02260211383,394.9,0.1823133002,394.9,0.2161649502
395.6,0.0180702305,395.6,0.02495245945,395.6,0.2106650162,395.6,0.2424595269
396.2,0.01828538777,396.2,0.02490883354,396.2,0.2490260646,396.2,0.292439937
396.9,0.01766932596,396.9,0.02531860544,396.9,0.2703664125,396.9,0.3079548377
397.5,0.01728854404,397.5,0.02357201118,397.5,0.2072963359,397.5,0.2418542726
398.2,0.01808261366,398.2,0.02337024137,398.2,0.2180471003,398.2,0.2542239548
398.8,0.01735665138,398.8,0.02518305352,398.8,0.2366473733,398.8,0.27897222
399.5,0.01795723424,399.5,0.02546584286,399.5,0.2185306429,399.5,0.2608202555
400.1,0.01764223782,400.1,0.02543935571,400.1,0.2060874793,400.1,0.2458895709
400.8,0.01735123375,400.8,0.02184255567,400.8,0.1763334897,400.8,0.2076549779
401.4,0.01791931084,401.4,0.02181840561,401.4,0.1757693566,401.4,0.2008782337
402.1,0.01740541004,402.1,0.02262236872,402.1,0.1854885634,402.1,0.2234231467
402.7,0.01762753282,402.7,0.02268313337,402.7,0.182281064,402.7,0.2157749334
403.4,0.01737213032,403.4,0.02167350529,403.4,0.1803307754,403.4,0.206938059
404,0.01758883547,404,0.02365303072,404,0.1937087881,404,0.2346284426
404.7,0.01787983954,404.7,0.0225304427,404.7,0.1974965386,404.7,0.2314193003
405.3,0.01817703519,405.3,0.02362654356,405.3,0.2417245709,405.3,0.2848200445
406,0.01802611553,406,0.02622384296,406,0.3045689943,406,0.3595106891
406.6,0.01852221555,406.6,0.02575096931,406.6,0.2726551809,406.6,0.3169697281
407.3,0.01765539492,407.3,0.02230997608,407.3,0.2145817115,407.3,0.2481649386
407.9,0.01730866666,407.9,0.02448348097,407.9,0.2223022754,407.9,0.2611819516
408.6,0.01851060634,408.6,0.0257416209,408.6,0.2548769303,408.6,0.2964153572
409.2,0.01862824629,409.2,0.03128756405,409.2,0.4364794228,409.2,0.4807411808
409.9,0.01883489013,409.9,0.03018600995,409.9,0.3944918048,409.9,0.4357605918
410.5,0.01710047492,410.5,0.0216532504,410.5,0.1577170986,410.5,0.188803087
411.2,0.01791311926,411.2,0.02354162885,411.2,0.1638903261,411.2,0.1928472861
411.8,0.01767938727,411.8,0.02264885587,411.8,0.1613597863,411.8,0.1869039803
412.5,0.01776684328,412.5,0.02169298114,412.5,0.1582489954,412.5,0.1916578158
413.1,0.01713917227,413.1,0.02212300791,413.1,0.1534135692,413.1,0.1844400775
413.8,0.01753852892,413.8,0.02209963689,413.8,0.1640192708,413.8,0.1944656131
414.4,0.01813911179,414.4,0.02125282692,414.4,0.1685162172,414.4,0.1955774037
415.1,0.01789996217,415.1,0.02368341304,415.1,0.200317204,415.1,0.2415573096
415.8,0.01763682019,415.8,0.02470005243,415.8,0.2291846988,415.8,0.2648296606
416.4,0.01830860618,416.4,0.02455125693,416.4,0.2511052979,416.4,0.30205199
417.1,0.01824436858,417.1,0.02649338873,417.1,0.2935925767,417.1,0.3503687601
417.7,0.01772891988,417.7,0.02342944795,417.7,0.1980445536,417.7,0.2370170933
418.4,0.0178906748,418.4,0.02153250013,418.4,0.1715464177,418.4,0.2043454992
419.1,0.01750137946,419.1,0.02275324643,419.1,0.2176602662,419.1,0.2534212646
419.7,0.01806636077,419.7,0.02419368032,419.7,0.2470596579,419.7,0.2910999623
420.4,0.01846958715,420.4,0.02431832576,420.4,0.2404028877,420.4,0.2840990798
421,0.01774749461,421,0.02153951144,421,0.1764946706,421,0.2050737464
421.7,0.01708576993,421.7,0.02111415887,421.7,0.1547836066,421.7,0.1882892682
422.4,0.01718793093,422.4,0.02047768808,422.4,0.1398099033,422.4,0.1655509651
423,0.0178395943,423,0.02132060288,423,0.1421631441,423,0.1670883757
423.7,0.01710279676,423.7,0.0210440458,423.7,0.1322021659,423.7,0.15729507
424.3,0.01766777807,424.3,0.02295735334,424.3,0.1400677927,424.3,0.1723382284
425,0.01746190817,425,0.02075268708,425,0.1284144154,425,0.1563701962
425.7,0.017040881,425.7,0.02192279617,425.7,0.1286884229,425.7,0.1540559886
426.3,0.01747429132,426.3,0.01988250609,426.3,0.1221605974,426.3,0.143609688
427,0.01706255152,427,0.02082124208,427,0.1258999937,427,0.1500344461
427.6,0.01736748663,427.6,0.02045665416,427.6,0.1266736619,427.6,0.1523874935
428.3,0.01774130303,428.3,0.02230919704,428.3,0.1459831308,428.3,0.1627464044
429,0.01782566325,429,0.02156210342,429,0.1365379315,429,0.1600446076
429.6,0.01696580814,429.6,0.02076982583,429.6,0.1434525911,429.6,0.1652353913
430.3,0.01791621505,430.3,0.02248993293,430.3,0.1425983324,430.3,0.1736458366
430.9,0.01762521098,430.9,0.02151614042,430.9,0.1479978918,430.9,0.1706543592
431.6,0.01813833784,431.6,0.02308199878,431.6,0.2128248399,431.6,0.2401267085
432.3,0.01940296723,432.3,0.03285731758,432.3,0.4776289004,432.3,0.5255591279
432.9,0.02281916926,432.9,0.0895055549,432.9,0.989684424,432.9,1.013650588
433.6,0.0227440964,433.6,0.08945413866,433.6,0.8955870288,433.6,0.9134567286
434.2,0.01782101957,434.2,0.0208492873,434.2,0.1468535075,434.2,0.1666433358
434.9,0.01809190102,434.9,0.02382987144,434.9,0.1734967063,434.9,0.1886914224
435.6,0.0175052492,435.6,0.02164078586,435.6,0.1425016239,435.6,0.1637513855
436.2,0.01746113422,436.2,0.02040212178,436.2,0.1197428843,436.2,0.1444852029
436.9,0.01654091124,436.9,0.02050884944,436.9,0.1288496037,436.9,0.1486240741
437.5,0.01769873595,437.5,0.02288568221,437.5,0.1454351158,437.5,0.1686249772
438.2,0.01781095826,438.2,0.02229595346,438.2,0.1421631441,438.2,0.1732477282
438.9,0.01694336368,438.9,0.02079085975,438.9,0.1326051181,438.9,0.1629066188
439.5,0.01750911893,439.5,0.02030707963,439.5,0.149335693,439.5,0.1779659604
440.2,0.0182892575,440.2,0.02242059891,440.2,0.2074252806,440.2,0.2395708132
440.8,0.01818322677,440.8,0.02290437903,440.8,0.2410959655,440.8,0.2770083802
441.5,0.01802224579,441.5,0.02379325684,441.5,0.1915973186,441.5,0.2241772871
442.2,0.01722430644,442.2,0.02070984021,442.2,0.1417279557,442.2,0.1692593613
442.8,0.01690621423,442.8,0.02137279816,442.8,0.1473209321,442.8,0.1781059457
443.5,0.01747816105,443.5,0.02376365354,443.5,0.2009780456,443.5,0.2338039051
444.1,0.01766158649,444.1,0.02419212225,444.1,0.2330046855,444.1,0.2712455178
444.8,0.01802379368,444.8,0.02490260127,444.8,0.2212384816,444.8,0.2576070673
445.5,0.01795259056,445.5,0.02240501823,445.5,0.1981573802,445.5,0.2289723899
446.1,0.01751144077,446.1,0.02250707168,446.1,0.1588614828,446.1,0.1921530238
446.8,0.01720186198,446.8,0.02167973756,446.8,0.1618916832,446.8,0.1917791903
447.4,0.01799515765,447.4,0.02271351569,447.4,0.1842797068,447.4,0.2228081825
448.1,0.01806713472,448.1,0.02406513971,448.1,0.2244620991,448.1,0.267232067
448.8,0.0178906748,448.8,0.02422639975,448.8,0.2120028174,448.8,0.2482798398
449.4,0.01804623815,449.4,0.02147718872,449.4,0.1740930755,449.4,0.2034643202
450.1,0.01764378571,450.1,0.02126295436,450.1,0.1502383059,450.1,0.1735082788
450.8,0.01724597696,450.8,0.02116090091,450.8,0.1557184557,450.8,0.1809420637
451.4,0.01764068992,451.4,0.02141252889,451.4,0.1551382045,451.4,0.1831891107
452.1,0.01784191614,452.1,0.02121387522,452.1,0.1558151642,452.1,0.1870350648
452.8,0.01759193126,452.8,0.02190877356,452.8,0.1630360674,452.8,0.1953370821
453.4,0.01728003062,453.4,0.02221960813,453.4,0.1390523532,453.4,0.1722807778
454.1,0.01768557885,454.1,0.02126996567,454.1,0.1680487927,454.1,0.1926741251
454.8,0.01777845249,454.8,0.02275324643,454.8,0.1845053601,454.8,0.2143855997
455.5,0.01747738711,455.5,0.02322845718,455.5,0.1914200196,455.5,0.2253999331
456.1,0.01814065968,456.1,0.02384311501,456.1,0.2276857166,456.1,0.274547714
456.8,0.01763759413,456.8,0.02350267715,456.8,0.2569239275,456.8,0.2910166184
457.5,0.01809964049,457.5,0.02408773169,457.5,0.2117771642,457.5,0.2536089905
458.2,0.01722275855,458.2,0.0194703971,458.2,0.1024159401,458.2,0.1226750103
458.8,0.01687680424,458.8,0.01979914945,458.8,0.09791899372,458.8,0.1183726881
459.5,0.01682108006,459.5,0.02041302825,459.5,0.1049464799,459.5,0.1209692937
460.2,0.01734117244,460.2,0.02024164077,460.2,0.1097013157,460.2,0.1284572926
460.8,0.01752150209,460.8,0.0215706728,460.8,0.1449676913,460.8,0.1756072489
461.5,0.01783727246,461.5,0.02271974797,461.5,0.218740178,461.5,0.2591962644
462.2,0.01804082052,462.2,0.02654168884,462.2,0.3375466014,462.2,0.3881049084
462.9,0.01808880523,462.9,0.02517292608,462.9,0.2825355686,462.9,0.3342437501
463.5,0.01731640613,463.5,0.02042471376,463.5,0.1015133272,463.5,0.1249026374
464.2,0.01715465121,464.2,0.0210004199,464.2,0.1107006371,464.2,0.1355350456
464.9,0.01752691971,464.9,0.0225327798,464.9,0.1267864885,464.9,0.1562002718
465.6,0.01755091207,465.6,0.02305706969,465.6,0.144548621,465.6,0.1712401935
466.2,0.0171066665,466.2,0.02087577446,466.2,0.127237795,466.2,0.1547963732
466.9,0.01695574683,466.9,0.02089914548,466.9,0.1359576803,466.9,0.158819534
467.6,0.01781637589,467.6,0.02135332231,467.6,0.1457091233,467.6,0.1762003657
468.3,0.01713530254,468.3,0.02007025329,468.3,0.1084763411,468.3,0.1394157937
468.9,0.01737367821,468.9,0.0190512768,468.9,0.07509578174,468.9,0.09120097825
469.6,0.01720960145,469.6,0.01911126242,469.6,0.07564379671,469.6,0.09419407398
470.3,0.01688376976,470.3,0.0214195402,470.3,0.1039310404,470.3,0.128577858
470.9,0.01690698817,470.9,0.02016607447,470.9,0.1164870306,470.9,0.1397394591
471.6,0.01739380083,471.6,0.02116557511,471.6,0.1286239505,471.6,0.1554461315
472.3,0.01721888881,472.3,0.02002740642,472.3,0.0886188572,472.3,0.107755654
473,0.01642714104,473,0.01920163036,473,0.07548261584,473,0.08928245162
473.6,0.01661830594,473.6,0.01842025925,473.6,0.0783838716,473.6,0.09206192819
474.3,0.01642017551,474.3,0.01990665614,474.3,0.07781973853,474.3,0.09411073014
475,0.01712137149,475,0.0207690468,475,0.08350942344,475,0.09824231889
475.7,0.01760663625,475.7,0.01785078538,475.7,0.06698838369,475.7,0.08238109626
476.3,0.01742553266,476.3,0.02080955657,476.3,0.08765177194,476.3,0.1081642815
477,0.01648131733,477,0.01896012982,477,0.08320317978,477,0.1020915096
477.7,0.01704397679,477.7,0.0206934805,477.7,0.1039793946,477.7,0.12594484
478.4,0.01679321796,478.4,0.02038809916,478.4,0.1047530628,478.4,0.1264780787
479,0.01760818415,479,0.02099107149,479,0.1085408134,479,0.1340291924
479.7,0.0168497161,479.7,0.01848647714,479.7,0.08354165962,479.7,0.09957743864
480.4,0.0165517465,480.4,0.01995184012,480.4,0.08612055362,480.4,0.1006641452
481,0.01720727961,481,0.01930134672,481,0.08728105593,481,0.1028221842
481.7,0.01703081969,481.7,0.01976487195,481.7,0.09864430766,481.7,0.1179106557
482.4,0.01734039849,482.4,0.02130813833,482.4,0.1323472287,482.4,0.1482623781
483.1,0.01813137232,483.1,0.02262938002,483.1,0.2074413987,483.1,0.2380374484
483.7,0.02026437023,483.7,0.03167708105,483.7,0.4808041636,483.7,0.5195551349
484.4,0.0241472623,484.4,0.1217271807,484.4,1.016118088,484.4,1.01618327
485.1,0.04425904888,485.1,0.4895597757,485.1,1.016118088,485.1,1.01618327
485.7,0.08281167049,485.7,0.942488593,485.7,1.016118088,485.7,1.01618327
486.4,0.02653643667,486.4,0.1823671883,486.4,1.016118088,486.4,1.01618327
487,0.01790847558,487,0.02257796378,487,1.016118088,487,1.01618327
487.7,0.01708344809,487.7,0.01887755221,487.7,0.08305811699,487.7,0.1036062636
488.3,0.01721192329,488.3,0.01950779073,488.3,0.08052757724,488.3,0.09539972757
489,0.01746113422,489,0.0206545288,489,0.08818366883,489,0.1026158475
489.7,0.01704552468,489.7,0.01949922136,489.7,0.08238115731,489.7,0.09826012049
490.3,0.0171561991,490.3,0.01792089844,490.3,0.06764922528,490.3,0.08955028474
491,0.01719954014,491,0.01968151531,491,0.09957915673,491,0.1157437159
491.6,0.01783882035,491.6,0.02208249814,491.6,0.1694671844,491.6,0.1946573848
492.3,0.01816542598,492.3,0.02525472465,492.3,0.2617432356,492.3,0.3046769164
492.9,0.01746500396,492.9,0.02434792905,492.9,0.2296521233,492.9,0.2699071614
493.6,0.01642791498,493.6,0.01914086571,493.6,0.09100433415,493.6,0.1111670872
494.2,0.01628241295,494.2,0.01991210938,494.2,0.07388692517,494.2,0.08755569675
494.9,0.01674987693,494.9,0.01904192839,494.9,0.07757796722,494.9,0.09761845385
495.5,0.01769022253,495.5,0.01837195914,495.5,0.07085672471,495.5,0.08954138394
496.2,0.01702230627,496.2,0.01914398185,496.2,0.09519503692,496.2,0.1114025538
496.8,0.01732259771,496.8,0.01971345571,496.8,0.09833806399,496.8,0.1180967633
497.5,0.01720263592,497.5,0.01884093761,497.5,0.06839065731,497.5,0.0806163107
498.2,0.01674523325,498.2,0.01769419955,498.2,0.05133772068,498.2,0.06238342989
498.8,0.01672356274,498.8,0.02003285965,498.8,0.07820657263,498.8,0.09056012077
499.5,0.01682108006,499.5,0.02015672606,499.5,0.08392849372,499.5,0.1013753999
500.1,0.01734813796,500.1,0.02191734293,500.1,0.1236273434,500.1,0.145732933
500.8,0.01730170114,500.8,0.02125750112,500.8,0.1298005709,500.8,0.1508039606
501.4,0.01681411453,501.4,0.01806969394,501.4,0.06291050754,501.4,0.07679705905
502.1,0.01668873512,502.1,0.0193971679,502.1,0.05647939061,502.1,0.07262582128
502.7,0.01634123292,502.7,0.01959737964,502.7,0.05841356111,502.7,0.06909867765
503.4,0.01686209925,503.4,0.01801126639,503.4,0.04843646492,503.4,0.06216657407
504,0.01634045897,504,0.01881522949,504,0.05680175236,504,0.07015868181
504.7,0.01630176162,504.7,0.01846778032,504.7,0.06714956457,504.7,0.08206066752
505.3,0.01761979335,505.3,0.01941898085,505.3,0.075144136,505.3,0.08892803802
506,0.01729550956,506,0.0203888782,506,0.08197820512,506,0.09787576784
506.7,0.01722508039,506.7,0.0180619036,506.7,0.06834230305,506.7,0.08251784489
507.3,0.01640856631,507.3,0.01885963443,507.3,0.07146921204,507.3,0.08833653951
508,0.01656567755,508,0.01904816066,508,0.0610246913,508,0.07477981448
508.6,0.01685126399,508.6,0.0187856262,508.6,0.04995156515,508.6,0.06024804745
509.3,0.01701843654,509.3,0.01977344133,509.3,0.0617983595,509.3,0.07144444259
509.9,0.01661907989,509.9,0.01896714112,509.9,0.05928393784,509.9,0.07082705085
510.6,0.01669879643,510.6,0.01762097035,510.6,0.045873689,510.6,0.05583810645
511.2,0.01623907192,511.2,0.01756565893,511.2,0.04235994591,511.2,0.04603994581
511.9,0.01693020658,511.9,0.01701877706,511.9,0.03431702022,511.9,0.04211307542
512.5,0.01651304915,512.5,0.01814759734,512.5,0.04372998335,512.5,0.04883641482
513.2,0.01710357071,513.2,0.01655680989,513.2,0.03457490962,513.2,0.0408459254
513.8,0.01643023682,513.8,0.01843116572,513.8,0.04843646492,513.8,0.05832385668
514.5,0.01601075755,514.5,0.01889391193,514.5,0.050660761,514.5,0.05778171715
515.2,0.01675219877,515.2,0.01728442766,515.2,0.0392652731,515.2,0.04970788389
515.8,0.01679244402,515.8,0.01875290677,515.8,0.0585586239,515.8,0.0642623075
516.5,0.01666629066,516.5,0.01919228195,516.5,0.04838811065,516.5,0.06189712263
517.1,0.01604635912,517.1,0.01914398185,517.1,0.05254657724,517.1,0.06287135547
517.8,0.01653471967,517.8,0.01822939591,517.8,0.04775950524,517.8,0.05572725106
518.4,0.01644107208,518.4,0.0170335787,518.4,0.04717925409,518.4,0.055954626
519.1,0.01680637506,519.1,0.0182473137,519.1,0.05444851158,519.1,0.05917671499
519.7,0.01654865071,519.7,0.01784766925,519.7,0.04126391595,519.7,0.04722375199
520.4,0.01622901061,520.4,0.01703981098,520.4,0.03720215789,520.4,0.04161543988
521,0.01657341702,521,0.01729767123,521,0.03658967056,521,0.04614270957
521.7,0.01691550159,521.7,0.01944001477,521.7,0.05643103634,521.7,0.06451881232
522.3,0.01656799939,522.3,0.01724313885,522.3,0.03552587678,522.3,0.04227733561
523,0.0170671952,523,0.01865085331,523,0.04269842575,523,0.04992312138
523.7,0.01668409144,523.7,0.01834157681,523.7,0.04959696722,523.7,0.05772183905
524.3,0.0164627426,524.3,0.0184420722,524.3,0.05589913946,524.3,0.06591461933
525,0.01704552468,525,0.02022060685,525,0.07612733934,525,0.08802986655
525.6,0.01717245199,525.6,0.01971735088,525.6,0.07464447528,525.6,0.08739386405
526.3,0.01633658924,526.3,0.02103080223,526.3,0.07266195051,526.3,0.08730485607
526.9,0.01646429049,526.9,0.01892195715,526.9,0.05280446664,526.9,0.05839101725
527.6,0.01682649769,527.6,0.01847557066,527.6,0.05641491826,527.6,0.06157022058
528.2,0.01623829797,528.2,0.01763265586,528.2,0.0400389413,528.2,0.049510448
528.9,0.0164890568,528.9,0.01819356035,528.9,0.04864600005,528.9,0.05603635151
529.5,0.01609124804,529.5,0.01677338134,529.5,0.03826595167,529.5,0.04813891589
530.2,0.01674058957,530.2,0.01852153367,530.2,0.04769503289,530.2,0.05785535102
530.8,0.01634819844,530.8,0.01722755817,530.8,0.04240830017,530.8,0.04563940989
531.5,0.01679012218,531.5,0.0169510011,531.5,0.03754063773,531.5,0.04293033054
532.2,0.01667403013,532.2,0.01829717187,532.2,0.04561579959,532.2,0.05326092075
532.8,0.01650376179,532.8,0.01885729733,532.8,0.04779174141,532.8,0.05510419517
533.5,0.01670266617,533.5,0.01671573283,533.5,0.03206048796,533.5,0.04094788
534.1,0.01593258891,534.1,0.01628726412,534.1,0.03513904268,534.1,0.0411517892
534.8,0.01631182293,534.8,0.01763966717,534.8,0.04368162909,534.8,0.04992716719
535.4,0.01672898036,535.4,0.01991600455,535.4,0.05834908876,535.4,0.06603032971
536.1,0.01650763152,536.1,0.01883003114,536.1,0.05211138888,536.1,0.0625582092
536.8,0.01619418299,536.8,0.01690192195,536.8,0.04045801158,536.8,0.04880000246
537.4,0.01649292653,537.4,0.01951090687,537.4,0.06893867229,537.4,0.0815225738
538.1,0.01716239068,538.1,0.01942209699,538.1,0.07024423738,538.1,0.08030397359
538.8,0.01671659721,538.8,0.01754228791,538.8,0.05443239349,538.8,0.06313676109
539.5,0.01702849785,539.5,0.01945559545,539.5,0.06768146146,539.5,0.07474340212
540.2,0.01684739425,540.2,0.01847245453,540.2,0.07296819418,540.2,0.08318864142
540.8,0.01694181579,540.8,0.02080410333,540.8,0.1222411878,540.8,0.1289128516
541.5,0.01721888881,541.5,0.01952882465,541.5,0.08616890789,541.5,0.09821399817
542.2,0.01711285807,542.2,0.01984511246,542.2,0.07988285374,542.2,0.08764470473
542.9,0.01675142483,542.9,0.01883392631,542.9,0.0592033474,542.9,0.06286488216
543.6,0.01686751688,543.6,0.01914787702,543.6,0.05485146376,543.6,0.05973180114
544.2,0.01708112625,544.2,0.018437398,544.2,0.06571505478,544.2,0.06839389625
544.9,0.01710124887,544.9,0.01975708161,544.9,0.07430599545,544.9,0.07720649577
545.6,0.01663997646,545.6,0.01886898284,545.6,0.0504028716,545.6,0.05678078191
546.3,0.0162042443,546.3,0.01843116572,546.3,0.04376221953,546.3,0.05208682454
547,0.01719489645,547,0.01920552553,547,0.04877494476,547,0.05803741281
547.6,0.01646196865,547.6,0.01684193634,547.6,0.0360255375,547.6,0.03952213394
548.3,0.01642404525,548.3,0.01852075463,548.3,0.0470341913,548.3,0.05797591638
549,0.01637451264,549,0.01762876069,549,0.04653453058,549,0.05938871583
549.7,0.01647048207,549.7,0.01790999197,549.7,0.04434247068,549.7,0.05078083467
550.4,0.01629711794,550.4,0.01715744511,550.4,0.03410748508,550.4,0.03920736934
551,0.01658966991,551,0.01868045661,551,0.04131227022,551,0.05013512221
551.7,0.0173883832,551.7,0.02127853504,551.7,0.064651261,551.7,0.07478062364
552.4,0.01677619113,552.4,0.01872408251,552.4,0.05776883761,552.4,0.06732175464
553.1,0.01664848988,553.1,0.01893286363,553.1,0.06171776906,553.1,0.07228435429
553.8,0.01589002182,553.8,0.01900453476,553.8,0.04790456803,553.8,0.05590688535
554.4,0.01707261283,554.4,0.01819823455,554.4,0.04840422874,554.4,0.05742649438
555.1,0.01632884977,555.1,0.01733740197,555.1,0.03802418036,555.1,0.03963218017
555.8,0.01696735604,555.8,0.01912840117,555.8,0.04226323738,555.8,0.04634904626
556.5,0.01675529456,556.5,0.01846778032,556.5,0.03623507264,556.5,0.04211307542
557.2,0.01628860452,557.2,0.01725482436,557.2,0.02791813946,557.2,0.03396884494
557.8,0.01624526349,557.8,0.01739816662,557.8,0.03671861526,557.8,0.03821857156
558.5,0.01672588458,558.5,0.01701721899,558.5,0.03476832667,558.5,0.04241084758
559.2,0.01699521813,559.2,0.01960049578,559.2,0.05422285835,559.2,0.06351706793
559.9,0.01639773105,559.9,0.01882301983,559.9,0.04198922989,559.9,0.04867458212
560.6,0.01654787677,560.6,0.01765446881,560.6,0.04364939291,560.6,0.04887363634
561.2,0.01637528659,561.2,0.01779547397,561.2,0.04144121492,561.2,0.04856372672
561.9,0.01663301094,561.9,0.01861112258,561.9,0.04487436757,561.9,0.05296800357
562.6,0.01626074243,562.6,0.01769809472,562.6,0.04872659049,562.6,0.05153740253
563.3,0.01641320999,563.3,0.01781105465,563.3,0.04318196837,563.3,0.04891328535
564,0.01667403013,564,0.01893286363,564,0.05446462966,564,0.0615564648
564.6,0.01668873512,564.6,0.01854100952,564.6,0.06368417575,564.6,0.07073723371
565.3,0.01702075838,565.3,0.01980304462,565.3,0.07814210028,565.3,0.09001393541
566,0.01685358583,566,0.0189390959,566,0.0557057224,566,0.06625770465
566.7,0.01705326415,566.7,0.01944702608,566.7,0.07048600869,566.7,0.07862334103
567.4,0.01730944061,567.4,0.02035537974,567.4,0.1054300225,567.4,0.1165593527
568,0.01702153233,568,0.02218299353,568,0.1440650784,568,0.1703323121
568.7,0.017157747,568.7,0.02169765534,568.7,0.1241270041,568.7,0.1477000094
569.4,0.01758341785,569.4,0.02129099959,569.4,0.1221122431,569.4,0.1405720883
570.1,0.01717245199,570.1,0.0196262039,570.1,0.09126222355,570.1,0.1029144289
570.7,0.01714072016,570.7,0.01888222642,570.7,0.07620792978,570.7,0.08917321455
571.4,0.01731176245,571.4,0.02020892134,571.4,0.09484043899,571.4,0.1180797709
572.1,0.01723591564,572.1,0.02276337387,572.1,0.1907108238,572.1,0.2237071631
572.8,0.01815459073,572.8,0.02353695465,572.8,0.2188530047,572.8,0.2555283263
573.5,0.01786126482,573.5,0.02236840363,573.5,0.140486863,573.5,0.165432018
574.1,0.01706951704,574.1,0.02005623068,574.1,0.0792864845,574.1,0.09786201206
574.8,0.01753311129,574.8,0.02199524633,574.8,0.1511892731,574.8,0.1829730641
575.5,0.01779083564,575.5,0.0226792382,575.5,0.214307704,575.5,0.2412360717
576.2,0.01754239865,576.2,0.02204588355,576.2,0.1659212051,576.2,0.1850477593
576.9,0.01803153315,576.9,0.02455203597,576.9,0.2092788606,576.9,0.2392811327
577.5,0.01836587826,577.5,0.0252742005,577.5,0.2360993583,577.5,0.2695778319
578.2,0.01770570147,578.2,0.02418588998,578.2,0.2477043814,578.2,0.2828764338
578.9,0.01783262878,578.9,0.02255459276,578.9,0.2141142869,578.9,0.2426844743
579.6,0.01743095029,579.6,0.02292229681,579.6,0.2319570098,579.6,0.2663047656
580.3,0.0185345987,580.3,0.02853445784,580.3,0.376310602,580.3,0.4296069035
580.9,0.01935188673,580.9,0.03421984807,580.9,0.4802400306,580.9,0.5481323617
581.6,0.01849203162,581.6,0.02694444942,581.6,0.2880640726,581.6,0.3264490783
582.3,0.01765384702,582.3,0.02414615925,582.3,0.2025898543,582.3,0.2347991761
583,0.01780321879,583,0.0251230679,583,0.2530878226,583,0.2981817611
583.7,0.01769331832,583.7,0.02325728144,583.7,0.1855046815,583.7,0.2088986621
584.3,0.01719025277,584.3,0.02002195318,584.3,0.1073480749,584.3,0.1245385138
585,0.01700063576,585,0.0194314454,585,0.1199846556,585,0.1327798439
585.7,0.01744797712,585.7,0.02237853107,585.7,0.1644866953,585.7,0.1870577214
586.4,0.01794407714,586.4,0.02304460515,586.4,0.2155004424,586.4,0.2539779691
587.1,0.01802921131,587.1,0.02467278624,587.1,0.260518261,587.1,0.2995994155
587.8,0.01895330402,587.8,0.03065966263,587.8,0.4143170525,587.8,0.455851312
588.4,0.02022412499,588.4,0.04256953463,588.4,0.6547344464,588.4,0.725156294
589.1,0.01934879094,589.1,0.03339952526,589.1,0.4615108128,589.1,0.5119481889
589.7,0.01822192412,589.7,0.02109935722,589.7,0.1578460433,589.7,0.1753644998
590.4,0.01694181579,590.4,0.02193603975,590.4,0.1367635847,590.4,0.1579488741
591.1,0.01756252128,591.1,0.02342711085,591.1,0.2021224298,591.1,0.2333046512
591.7,0.01817935703,591.7,0.02474835254,591.7,0.233826708,591.7,0.2709768756
592.4,0.01869557968,592.4,0.02602441025,592.4,0.2692542644,592.4,0.3128065819
593.1,0.01919709733,593.1,0.026957693,593.1,0.3281497564,593.1,0.3711739716
593.7,0.01804623815,593.7,0.02577278227,593.7,0.2729614246,593.7,0.3177109218
594.4,0.01824127279,594.4,0.02492519326,594.4,0.2029928065,594.4,0.2422216328
595.1,0.01730634482,595.1,0.02302201316,595.1,0.1731098722,595.1,0.197029043
595.7,0.01745649054,595.7,0.02444375024,595.7,0.2258966089,595.7,0.2619547027
596.4,0.01805784735,596.4,0.02566917074,596.4,0.2854529424,596.4,0.3280301837
597.1,0.01845101243,597.1,0.02765804458,597.1,0.3606115847,597.1,0.4140596363
597.7,0.01797813081,597.7,0.02483949952,597.7,0.2688835484,597.7,0.304744077
598.4,0.0174526208,598.4,0.02179815073,598.4,0.1790735646,598.4,0.2079381851
599.1,0.01757180864,599.1,0.02370834213,599.1,0.164792939,599.1,0.190797675
599.7,0.0175694868,599.7,0.02187449606,599.7,0.1428401037,599.7,0.1637109273
600.4,0.01760973204,600.4,0.02182385885,600.4,0.1792186274,600.4,0.2014859155
601.1,0.01809190102,601.1,0.02598779565,601.1,0.2820197898,601.1,0.3236663651
601.7,0.01903379451,601.7,0.03323826522,601.7,0.4501636792,601.7,0.5175799668
602.4,0.01919787127,602.4,0.03069004496,602.4,0.4278078917,602.4,0.4896994298
603.1,0.01808029182,603.1,0.0249742724,603.1,0.3044078134,603.1,0.3520898508
603.7,0.0172088275,603.7,0.02063271585,603.7,0.1147946314,603.7,0.1380499257
604.4,0.01753775497,604.4,0.0221409257,604.4,0.160924598,604.4,0.1903202685
605.1,0.01765462097,605.1,0.02320274906,605.1,0.1857948071,605.1,0.2167556396
605.7,0.01745494264,605.7,0.02326117661,605.7,0.1985442143,605.7,0.2310017719
606.4,0.01852763318,606.4,0.02701144635,606.4,0.3041338059,606.4,0.3599880956
607.1,0.01816387809,607.1,0.02339828659,607.1,0.2486553485,607.1,0.2809627621
607.7,0.01829622303,607.7,0.02480210588,607.7,0.2534424206,607.7,0.2950770008
608.4,0.01829699697,608.4,0.02360473061,608.4,0.2298938946,608.4,0.2677288933
609.1,0.01848893583,609.1,0.02381195365,609.1,0.2265252143,609.1,0.2654535256
609.7,0.01793401583,609.7,0.02211210144,609.7,0.1391812979,609.7,0.1591682835
610.4,0.01730402298,610.4,0.02026501179,610.4,0.1112486521,610.4,0.1149822931
611.1,0.01788061349,611.1,0.02361719515,611.1,0.2082956573,611.1,0.2233260471
611.7,0.01857871368,611.7,0.02844486893,611.7,0.3286655352,611.7,0.3720842805
612.4,0.01850518871,612.4,0.02640613692,612.4,0.2969290208,612.4,0.3348676152
613.1,0.01894169482,613.1,0.0270768852,613.1,0.3049397103,613.1,0.350353386
613.7,0.01737135637,613.7,0.02294021459,613.7,0.1749312161,613.7,0.2010643413
614.4,0.01689305713,614.4,0.02075736129,614.4,0.1135051844,614.4,0.1293716473
615.1,0.0173899311,615.1,0.02003675482,615.1,0.1234983987,615.1,0.1447247153
615.7,0.01805242972,615.7,0.02078852265,615.7,0.1561858802,615.7,0.1829657816
616.4,0.0178790656,616.4,0.02064985459,616.4,0.1392780064,616.4,0.1654538655
617.1,0.01735587743,617.1,0.02217286609,617.1,0.1642126878,617.1,0.1909789276
617.7,0.01724597696,617.7,0.01985368183,617.7,0.1135857748,617.7,0.1328923177
618.4,0.017157747,618.4,0.02009751948,618.4,0.08758729959,618.4,0.1030859715
619.1,0.01723746354,619.1,0.02297371306,619.1,0.1577654528,619.1,0.1800018158
619.7,0.0182908054,619.7,0.02256783633,619.7,0.176027246,619.7,0.2079365668
620.4,0.01640082684,620.4,0.01832054289,620.4,0.04709866365,620.4,0.05139579892
621.1,0.01654323309,621.1,0.01880899722,621.1,0.06158882436,621.1,0.06810583405
621.7,0.01722275855,621.7,0.02217754029,621.7,0.1574108549,621.7,0.1932057455
622.4,0.01768325701,622.4,0.02356032567,622.4,0.2227696999,622.4,0.2613017078
623.1,0.01767629148,623.1,0.02280466267,623.1,0.1713530006,623.1,0.1974538538
623.7,0.0175447205,623.7,0.01943923574,623.7,0.109378954,623.7,0.1288117062
624.4,0.01666474276,624.4,0.01708499495,624.4,0.03802418036,624.4,0.04426787778
625.1,0.01619882667,625.1,0.01793258395,625.1,0.04216652886,625.1,0.04359303543
625.7,0.01651459705,625.7,0.01794115333,625.7,0.04621216883,625.7,0.05434519982
626.4,0.01683578505,626.4,0.01986069314,626.4,0.07557932436,626.4,0.09004387446
627.1,0.01719489645,627.1,0.01931459029,627.1,0.0871843474,627.1,0.1103797712
627.7,0.01703081969,627.7,0.01879886978,627.7,0.07298431227,627.7,0.08848380726
628.4,0.01661907989,628.4,0.0193628904,628.4,0.06616636123,628.4,0.08033148515
629.1,0.01638689579,629.1,0.01941196955,629.1,0.0724201792,629.1,0.08732265766
629.7,0.01718947883,629.7,0.01889469096,629.7,0.09777393093,629.7,0.1127789409
630.4,0.01724907274,630.4,0.01846154805,630.4,0.05433568496,630.4,0.06045033832
631.1,0.01696580814,631.1,0.01850751106,631.1,0.05776883761,631.1,0.06804919261
631.7,0.01705790784,631.7,0.01990743518,631.7,0.1025126487,631.7,0.1198744955
632.4,0.01716858226,632.4,0.02293008715,632.4,0.1689191694,632.4,0.1995366406
633.1,0.01742630661,633.1,0.01906296231,633.1,0.07370962621,633.1,0.09375388904
633.7,0.01645500313,633.7,0.01800970832,633.7,0.04598651561,633.7,0.05774530479
634.4,0.0156903435,634.4,0.01753683468,634.4,0.03310816365,634.4,0.03442925896
635.1,0.01636135554,635.1,0.01688556224,635.1,0.02865957148,635.1,0.03063185473
635.7,0.01683036742,635.7,0.01845531578,635.7,0.04792068611,635.7,0.05345916581
636.4,0.01624681139,636.4,0.01947974551,636.4,0.0496292034,636.4,0.05640937587
637.1,0.01685900346,637.1,0.01969397986,637.1,0.04676018381,637.1,0.05373347223
637.7,0.01690544028,637.7,0.01704448518,637.7,0.03365617863,637.7,0.03709221599
638.4,0.0159852173,638.4,0.01721119846,638.4,0.03223778692,638.4,0.03597314289
639.1,0.01607809094,639.1,0.01902478964,639.1,0.04194087563,639.1,0.05212890104
639.7,0.01676922561,639.7,0.01759370416,639.7,0.04232770973,639.7,0.04835981752
640.4,0.01609589172,640.4,0.01645787257,640.4,0.02179326619,640.4,0.02402017989
641.1,0.01593800654,641.1,0.01726417277,641.1,0.0295460663,641.1,0.03182698919
641.7,0.01604016754,641.7,0.01770121085,641.7,0.0307065686,641.7,0.03594401301
642.4,0.0170145668,642.4,0.0208103356,642.4,0.06237861065,642.4,0.0718652076
643,0.01731950192,643,0.01843661896,643,0.05294952943,643,0.05905857712
643.7,0.01652233652,643.7,0.01847479163,643.7,0.03982940616,643.7,0.04432047341
644.3,0.01606029016,644.3,0.01734363424,644.3,0.02836944591,644.3,0.02787260724
645,0.01605255069,645,0.01777210295,645,0.03189930708,645,0.03404490631
645.6,0.01626925585,645.6,0.01613613152,645.6,0.02724117978,645.6,0.02835648701
646.3,0.01633968503,646.3,0.01734363424,646.3,0.03197989752,646.3,0.02950549916
646.9,0.0162684819,646.9,0.01638775951,646.9,0.02317942172,646.9,0.02729000953
647.6,0.01684120268,647.6,0.01823017495,647.6,0.03011019936,647.6,0.03839011422
648.2,0.01620888798,648.2,0.01613613152,648.2,0.02608067748,648.2,0.02533345223
648.9,0.01624139376,648.9,0.018437398,648.9,0.03712156745,648.9,0.03823475483
649.5,0.01618102589,649.5,0.01761707518,649.5,0.03765346434,649.5,0.03979077622
650.2,0.01623288034,650.2,0.01623818498,650.2,0.033172636,650.2,0.03313378822
650.8,0.016398505,650.8,0.01686141219,650.8,0.04247277252,650.8,0.04295946042
651.5,0.01682959347,651.5,0.01846855936,651.5,0.08338047874,651.5,0.08807841636
652.1,0.0175694868,652.1,0.02277895455,652.1,0.1792669816,652.1,0.19121844
652.8,0.01889680589,652.8,0.03113331531,652.8,0.4311926901,652.8,0.4568894688
653.4,0.0216373522,653.4,0.0636104643,653.4,0.9041618514,653.4,0.9294134325
654.1,0.02794037652,654.1,0.2163766972,654.1,1.016118088,654.1,1.01618327
654.7,0.08025841935,654.7,0.7911222842,654.7,1.016118088,654.7,1.01618327
655.4,0.4296614334,655.4,1.01558068,655.4,1.016118088,655.4,1.01618327
656,0.8171023943,656,1.01558068,656,1.016118088,656,1.01618327
656.7,0.06807881551,656.7,1.01558068,656.7,1.016118088,656.7,1.01618327
657.3,0.01715852095,657.3,0.5003899065,657.3,1.016118088,657.3,1.01618327
658,0.01646583839,658,0.01672975544,658,1.016118088,658,1.01618327
658.6,0.0165532944,658.6,0.01920552553,658.6,1.016118088,658.6,1.01618327
659.3,0.01664771593,659.3,0.01655914699,659.3,1.016118088,659.3,1.01618327
659.9,0.01622049719,659.9,0.01769264148,659.9,1.016118088,659.9,1.01618327
660.6,0.01568183008,660.6,0.01654278727,660.6,1.016118088,660.6,1.01618327
661.2,0.01571124007,661.2,0.01689335258,661.2,1.016118088,661.2,1.01618327
661.9,0.01649060469,661.9,0.0179840002,661.9,1.016118088,661.9,1.01618327
662.5,0.01598753914,662.5,0.01538514273,662.5,1.016118088,662.5,1.01618327
663.2,0.01637606053,663.2,0.01677026521,663.2,0.7506531855,663.2,1.01618327
663.8,0.01626538611,663.8,0.01820057166,663.8,0.03588047471,663.8,0.05685441579
664.5,0.0152770558,664.5,0.01627402054,664.5,0.01976238715,664.5,0.01970248353
665.1,0.01585983789,665.1,0.01818187484,665.1,0.0303197345,665.1,0.03412501349
665.8,0.01547596018,665.8,0.01697904632,665.8,0.02248634395,665.8,0.02434950943
666.4,0.01614619828,666.4,0.01504003066,666.4,0.01357304153,666.4,0.01479814365
667.1,0.01578012135,667.1,0.01586892285,667.1,0.01795716135,667.1,0.01825489006
667.8,0.01586370762,667.8,0.01553160113,667.8,0.01510425985,667.8,0.01806878246
668.4,0.01635284212,668.4,0.01551134624,668.4,0.02097124372,668.4,0.02496690117
669.1,0.01611446645,669.1,0.01798789537,669.1,0.03139964637,669.1,0.0358444859
669.7,0.01626306427,669.7,0.01647345325,669.7,0.02309883128,669.7,0.02733127687
670.4,0.01577160793,670.4,0.0150820985,670.4,0.010897439,670.4,0.01086965493
671.1,0.01585209842,671.1,0.01449392782,671.1,0.01378257667,671.1,0.01186411685
671.7,0.01544809809,671.7,0.01733740197,671.7,0.02764413197,671.7,0.0281728069
672.4,0.01623907192,672.4,0.01709823853,672.4,0.02469452195,672.4,0.02644928867
673.1,0.01561062696,673.1,0.01648124359,673.1,0.01939167114,673.1,0.02043153983
673.7,0.01576541636,673.7,0.01563443362,673.7,0.01855353059,673.7,0.01811328645
674.4,0.01541946205,674.4,0.01624285918,674.4,0.02385638139,674.4,0.02469987722
675.1,0.01577779951,675.1,0.01614314283,675.1,0.01826340501,675.1,0.0222626768
675.7,0.01534980682,675.7,0.01562975941,675.7,0.01407270225,675.7,0.01384818572
676.4,0.01597825178,676.4,0.01580660013,676.4,0.01711902079,676.4,0.01736723771
677.1,0.0162568727,677.1,0.01628882219,677.1,0.01808610605,677.1,0.02050436455
677.7,0.01583507159,677.7,0.01575362582,677.7,0.01532991308,677.7,0.0178616366
678.4,0.01615858143,678.4,0.01670171021,678.4,0.02469452195,678.4,0.02461977003
679.1,0.01602004492,679.1,0.01553705436,679.1,0.0158134557,679.1,0.01356983348
679.7,0.01628241295,679.7,0.01883626341,679.7,0.03742781112,679.7,0.04152562273
680.4,0.01583429764,680.4,0.01673676674,680.4,0.03025526215,680.4,0.02903132935
681.1,0.01631569267,681.1,0.01707954171,681.1,0.02988454614,681.1,0.02919397121
681.7,0.01586293368,681.7,0.016376074,681.7,0.02093900754,681.7,0.02152633803
682.4,0.01594497206,682.4,0.01787259834,682.4,0.03052926964,682.4,0.03391544015
683.1,0.01546202914,683.1,0.01652564853,683.1,0.02401756227,683.1,0.02333724591
683.7,0.01618025195,683.7,0.015574448,683.7,0.01707066653,683.7,0.01753878037
684.4,0.01577315583,684.4,0.01783987891,684.4,0.02917535029,684.4,0.03285300849
685.1,0.01571588375,685.1,0.01594215205,685.1,0.01541050351,685.1,0.0179061406
685.7,0.01511375299,685.7,0.01550277687,685.7,0.01745750063,685.7,0.01713905361
686.4,0.01553091042,686.4,0.0156936402,686.4,0.0229376504,686.4,0.02092351123
687.1,0.01563694116,687.1,0.01788817902,687.1,0.03046479729,687.1,0.03117965841
687.7,0.01551620542,687.7,0.01638775951,687.7,0.01924660835,687.7,0.01931732171
688.4,0.01603397596,688.4,0.01796530338,688.4,0.03542916826,688.4,0.03586714248
689.1,0.01518340822,689.1,0.01592189717,689.1,0.01728020167,689.1,0.01906405354
689.7,0.0163853479,689.7,0.01609640079,689.7,0.0154266216,689.7,0.0189321599
690.4,0.01577238188,690.4,0.01573960321,690.4,0.0216482034,690.4,0.01770708638
691.1,0.01578786082,691.1,0.01589696808,691.1,0.01186452425,691.1,0.01123944264
691.7,0.01551233569,691.7,0.01557133186,691.7,0.01666771434,691.7,0.01876789971
692.4,0.01605332464,692.4,0.0172260001,692.4,0.02764413197,692.4,0.02878534365
693.1,0.01626151638,693.1,0.01836261073,693.1,0.03089998565,693.1,0.03415980752
693.7,0.01532891025,693.7,0.01623039464,693.7,0.02043934683,693.7,0.01975346083
694.4,0.01575999873,694.4,0.01637996917,694.4,0.02158373105,694.4,0.02142762008
695.1,0.01532271868,695.1,0.01533138938,695.1,0.008705379089,695.1,0.01259640981
695.7,0.01560443538,695.7,0.01650617268,695.7,0.02089065328,695.7,0.02364634636
696.4,0.01632652793,696.4,0.01696034951,696.4,0.02648362966,696.4,0.02745426972
697.1,0.01510601352,697.1,0.01494265141,697.1,0.00876985144,697.1,0.009837971485
697.7,0.01524841976,697.7,0.01572635963,697.7,0.0182795231,697.7,0.01661147902
698.4,0.01588924788,698.4,0.01701877706,698.4,0.02914311411,698.4,0.03114567354
699.1,0.01502552303,699.1,0.01654356631,699.1,0.02751518727,699.1,0.02684739711
699.7,0.01556960777,699.7,0.01699774314,699.7,0.02292153231,699.7,0.02572832401
700.4,0.01546899466,700.4,0.01581516951,700.4,0.02106795225,700.4,0.01904544278
701.1,0.01599295677,701.1,0.01760305257,701.1,0.03257626676,701.1,0.03255685466
701.7,0.01587841262,701.7,0.01632465775,701.7,0.01895648278,701.7,0.0231114893
702.4,0.01577625161,702.4,0.01619222197,702.4,0.02469452195,702.4,0.02394573685
703.1,0.01614697222,703.1,0.01737090043,703.1,0.0325279125,703.1,0.03493660447
703.7,0.0160362978,703.7,0.01671495379,703.7,0.02590337851,703.7,0.02512226056
704.4,0.01604713306,704.4,0.01755631053,704.4,0.02706388082,704.4,0.03112058947
705.1,0.01631104899,705.1,0.01690893326,705.1,0.01871471146,705.1,0.02250057086
705.7,0.01555025909,705.7,0.01600213767,705.7,0.01813446031,705.7,0.02128035233
706.4,0.01544732414,706.4,0.01717614193,706.4,0.02803096607,706.4,0.02734422349
707.1,0.01566789904,707.1,0.0177915788,707.1,0.03233449545,707.1,0.03031304431
707.8,0.01565474194,707.8,0.01589385194,707.8,0.01521708646,707.8,0.01796925535
708.5,0.01579714818,708.5,0.01667600209,708.5,0.01779598047,708.5,0.0206184566
709.1,0.01577006004,709.1,0.01588294547,709.1,0.02108407033,709.1,0.02114926784
709.8,0.01586525552,709.8,0.0166876876,709.8,0.02301824084,709.8,0.02484148083
710.5,0.01615084196,710.5,0.01905205583,710.5,0.04273066192,710.5,0.04468055116
711.2,0.01662372357,711.2,0.01654434534,711.2,0.02409815271,711.2,0.0274680255
711.9,0.01642094946,711.9,0.01594682625,711.9,0.02490405708,711.9,0.02212188235
712.5,0.01534825893,712.5,0.01631297224,712.5,0.02274423335,712.5,0.02254345653
713.2,0.01600224414,713.2,0.018093844,713.2,0.0287723981,713.2,0.03263534352
713.9,0.01638999158,713.9,0.01705850779,713.9,0.02819214695,713.9,0.02708043619
714.6,0.01537999075,714.6,0.01597487148,714.6,0.01605522702,714.6,0.01665031887
715.3,0.01598444336,715.3,0.01697670922,715.3,0.02314718554,715.3,0.02351768937
715.9,0.01548137781,715.9,0.01619222197,715.9,0.01961732437,715.9,0.02112499294
716.6,0.01608660436,716.6,0.0173405181,716.6,0.03199601561,716.6,0.03516236108
717.3,0.01635361607,717.3,0.01681467015,717.3,0.03069045052,717.3,0.03053880093
718,0.01653007599,718,0.0167243022,718,0.03089998565,718,0.03274943557
718.7,0.01580643555,718.7,0.01616495578,718.7,0.02342119303,718.7,0.02264783862
719.3,0.01584900263,719.3,0.01612132987,719.3,0.03191542517,719.3,0.03000879884
720,0.01626383822,720,0.01759759933,720,0.03072268669,720,0.03303345195
720.7,0.01560288749,720.7,0.01667522306,720.7,0.02282482379,720.7,0.02698738239
721.4,0.01578476503,721.4,0.01609873789,721.4,0.02413038888,721.4,0.02777631679
722.1,0.01547905597,722.1,0.01704292711,722.1,0.02978783761,722.1,0.02921258197
722.7,0.01615780748,722.7,0.0168730977,722.7,0.03025526215,722.7,0.03308038343
723.4,0.01644261998,723.4,0.01891884102,723.4,0.04076425524,723.4,0.04758221141
724.1,0.01633581529,724.1,0.01832677517,724.1,0.04709866365,724.1,0.05594006105
724.8,0.01737600005,724.8,0.01915956253,724.8,0.05096700466,724.8,0.05682043092
725.5,0.01664307225,725.5,0.01933406614,725.5,0.06262038197,725.5,0.07187653589
726.1,0.01619495694,726.1,0.01738180691,726.1,0.04932295973,726.1,0.05990900795
726.8,0.01713452859,726.8,0.0190123251,726.8,0.06961563197,726.8,0.08177179615
727.5,0.01605332464,727.5,0.01732805356,727.5,0.03808865271,727.5,0.04526719468
728.2,0.01636445133,728.2,0.01695957047,728.2,0.03001349084,728.2,0.03438799163
728.9,0.01676535587,728.9,0.01701332382,728.9,0.04113497125,728.9,0.04958084522
729.5,0.01624681139,729.5,0.01832443806,729.5,0.04460036008,729.5,0.05812156581
730.2,0.01672124089,730.2,0.01766849142,730.2,0.03963598911,730.2,0.04738720301
730.9,0.01702230627,730.9,0.01772380284,730.9,0.05352978058,730.9,0.0620905127
731.6,0.0166554554,731.6,0.01989730774,731.6,0.05551230535,731.6,0.06288268376
732.3,0.01657728675,732.3,0.01743322315,732.3,0.03370453289,732.3,0.03487753553
732.9,0.01685049004,732.9,0.0177549642,732.9,0.041457333,732.9,0.04415054907
733.6,0.01585442026,733.6,0.01553315919,733.6,0.0155555663,733.6,0.01714633608
734.3,0.01652620625,734.3,0.01733194873,734.3,0.02569384337,734.3,0.02838966271
735,0.01685668162,735,0.01910892531,735,0.06508644936,735,0.07183850521
735.7,0.01653471967,735.7,0.02021982782,735.7,0.07098566941,735.7,0.08258015048
736.3,0.01611059672,736.3,0.01721353556,736.3,0.03362394245,736.3,0.03858674095
737,0.01615084196,737,0.01536177171,737,0.0181505784,737,0.02110476385
737.7,0.01617870405,737.7,0.01716445642,737.7,0.0329147466,737.7,0.03618190707
738.4,0.01594187627,738.4,0.01656226313,738.4,0.02174491192,738.4,0.02470068638
739.1,0.01582114054,739.1,0.01613379442,739.1,0.02353401964,739.1,0.02039108166
739.7,0.01607035147,739.7,0.0180665778,739.7,0.0410704989,739.7,0.04523240065
740.4,0.01624139376,740.4,0.01644540802,740.4,0.0255326625,740.4,0.02654962494
741.1,0.01569421323,741.1,0.016193001,741.1,0.02014922125,741.1,0.0219147365
741.7,0.01577470372,741.7,0.01696813985,741.7,0.01921437218,741.7,0.02321910804
742.4,0.01584977658,742.4,0.01718938551,742.4,0.02375967287,742.4,0.02633357829
743.1,0.01602855833,743.1,0.01687932997,743.1,0.02369520052,743.1,0.02448221224
743.7,0.01576928609,743.7,0.01787805157,743.7,0.03204436987,743.7,0.03540915594
744.4,0.01595193758,744.4,0.01811176178,744.4,0.04061919245,744.4,0.04243350416
745.1,0.01680018349,745.1,0.01906529941,745.1,0.06392594706,745.1,0.07150027487
745.7,0.01612530171,745.7,0.01798322117,745.7,0.04413293554,745.7,0.05029533658
746.4,0.01606106411,746.4,0.01765524785,746.4,0.03707321319,746.4,0.04376295976
747.1,0.01611059672,747.1,0.01694009462,747.1,0.02927205881,747.1,0.0341403876
747.7,0.01645190734,747.7,0.01791778231,747.7,0.03473609049,747.7,0.03748627861
748.4,0.01623675008,748.4,0.01734675038,748.4,0.03148023681,748.4,0.03222267014
749.1,0.01596199889,749.1,0.01913774957,749.1,0.03802418036,749.1,0.04102717802
749.7,0.01624526349,749.7,0.01613924766,749.7,0.02018145743,749.7,0.02074711359
750.4,0.01568337798,750.4,0.01746126838,750.4,0.02583890616,750.4,0.02884522175
751.1,0.01643101077,751.1,0.01628492702,751.1,0.02637080305,751.1,0.02993597413
751.7,0.01602778439,751.7,0.01598421989,751.7,0.01966567863,751.7,0.02055615101
752.4,0.0161910872,752.4,0.01777989329,752.4,0.03736333877,752.4,0.0448059715
753.1,0.01656335571,753.1,0.01922733848,753.1,0.05578631284,753.1,0.06450910236
753.7,0.01596509468,753.7,0.01664016653,753.7,0.0333015807,753.7,0.0372427204
754.4,0.01675374667,754.4,0.01940573727,754.4,0.05149890155,754.4,0.06180164134
755.1,0.0159720602,755.1,0.01606290232,755.1,0.02258305248,755.1,0.02417311179
755.7,0.0160246886,755.7,0.01847790776,755.7,0.03547752252,755.7,0.03832619031
756.4,0.01587841262,756.4,0.01670872152,756.4,0.02546819015,756.4,0.02897954289
757.1,0.01524300214,757.1,0.01631453031,757.1,0.02176103001,757.1,0.02094616781
757.7,0.01608505647,757.7,0.01629505446,757.7,0.02351790155,757.7,0.02771482036
758.4,0.01574684163,758.4,0.01744257156,758.4,0.03534857782,758.4,0.03550382807
759.1,0.01621507956,759.1,0.01693074621,759.1,0.02914311411,759.1,0.03257222876
759.7,0.01666396882,759.7,0.02018399225,759.7,0.06002536987,759.7,0.06799336033
760.4,0.01693562421,760.4,0.02001494187,760.4,0.07406422413,760.4,0.08950497158
761.1,0.0161020833,761.1,0.01877549876,761.1,0.04735655305,761.1,0.05702757678
761.7,0.01580643555,761.7,0.01620157038,761.7,0.02296988658,761.7,0.02530674983
762.4,0.01556264224,762.4,0.01589229387,762.4,0.01758644533,762.4,0.01864733435
763.1,0.01589156972,763.1,0.0168777719,763.1,0.02437216019,763.1,0.02615556233
763.7,0.01524609792,763.7,0.0169143865,763.7,0.02538759971,763.7,0.02583351526
764.4,0.01597902573,764.4,0.01617819936,764.4,0.02061664579,764.4,0.02164609422
765.1,0.01622127114,765.1,0.01758825092,765.1,0.03652519821,765.1,0.03982799774
765.7,0.01656258176,765.7,0.01867889854,765.7,0.04040965731,765.7,0.04647932158
766.4,0.01657573886,766.4,0.01933406614,766.4,0.04701807321,766.4,0.05246713137
767.1,0.01602391465,767.1,0.01864306297,767.1,0.04173134049,767.1,0.04520650742
767.7,0.01609279594,767.7,0.0163098561,767.7,0.02495241135,767.7,0.02347156705
768.4,0.0158319758,768.4,0.01690815423,768.4,0.0250168837,768.4,0.02627612769
769.1,0.01611833619,769.1,0.01839455112,769.1,0.03871725812,769.1,0.04507218628
769.7,0.01645655102,769.7,0.01742543281,769.7,0.03646072586,769.7,0.03949219489
770.4,0.01592949312,770.4,0.01848881424,770.4,0.03716992171,770.4,0.03821533491
771.1,0.01604868096,771.1,0.01648435972,771.1,0.02396920801,771.1,0.02219470707
771.7,0.01605022885,771.7,0.01708499495,771.7,0.02290541423,771.7,0.02416663848
772.4,0.01595503337,772.4,0.0170335787,772.4,0.02803096607,772.4,0.02864293088
773.1,0.01589930919,773.1,0.01776976585,773.1,0.03264073911,773.1,0.03510976545
773.7,0.01614232854,773.7,0.01648046455,773.7,0.02619350409,773.7,0.02920368118
774.4,0.01570969217,774.4,0.01596474404,774.4,0.02305047701,774.4,0.02070180044
775.1,0.01571588375,775.1,0.01535164427,775.1,0.02000415847,775.1,0.02100200009
775.7,0.01575922478,775.7,0.01739816662,775.7,0.02168043957,775.7,0.02703269555
776.4,0.01605951621,776.4,0.01685206378,776.4,0.02174491192,776.4,0.02259847965
777.1,0.01555025909,777.1,0.01593591978,777.1,0.01433059165,777.1,0.01880188457
777.7,0.01570659639,777.7,0.0151257244,777.7,0.01397599372,777.7,0.01177187222
778.4,0.01617019063,778.4,0.01658173898,778.4,0.0222929269,778.4,0.02407520301
779.1,0.01529872632,779.1,0.01604031034,779.1,0.01765091768,779.1,0.01987645368
779.7,0.01603474991,779.7,0.01779781107,779.7,0.03655743439,779.7,0.03754534754
780.4,0.01531884894,780.4,0.01492784976,780.4,0.01358915962,780.4,0.01442997426
781.1,0.01527628186,781.1,0.01637763206,781.1,0.02492017517,781.1,0.0276209574
781.7,0.01540166127,781.7,0.01606368136,781.7,0.0221639822,781.7,0.02235896725
782.4,0.01527318607,782.4,0.01753995081,782.4,0.02635468496,782.4,0.03025963952
783.1,0.01552549279,783.1,0.01471751058,783.1,0.01047836872,783.1,0.01007424722
783.7,0.01543261915,783.7,0.016307519,783.7,0.02430768784,783.7,0.02040645577
784.4,0.01579714818,784.4,0.01527841507,784.4,0.01528155881,784.4,0.0163703483
785.1,0.015639263,785.1,0.01617508322,785.1,0.01729631976,785.1,0.0173033138
785.7,0.01537070339,785.7,0.01564923526,785.7,0.01541050351,785.7,0.01594310998
786.4,0.01556805987,786.4,0.01484994636,786.4,0.006996861808,786.4,0.009526443544
787.1,0.01514316297,787.1,0.0150065322,787.1,0.009656346255,787.1,0.009270747882
787.7,0.01611601434,787.7,0.01611431857,787.7,0.01940778923,787.7,0.01885367104
788.4,0.01536218997,788.4,0.01679363623,788.4,0.02622574026,788.4,0.02533749804
789.1,0.01549376096,789.1,0.01491460619,789.1,0.01447565443,789.1,0.01621175226
789.7,0.01521049636,789.7,0.01559859805,789.7,0.01629699833,789.7,0.01452464639
790.4,0.01603397596,790.4,0.01648435972,790.4,0.0185374125,790.4,0.02245687604
791.1,0.01626770796,791.1,0.01703046257,791.1,0.02632244879,791.1,0.02718400912
791.7,0.0161283975,791.7,0.01686219122,791.7,0.01947226158,791.7,0.0220077903
792.4,0.01533664972,792.4,0.01639399178,792.4,0.02122913312,792.4,0.02026242466
793.1,0.01540398311,793.1,0.01543577994,793.1,0.01595851849,793.1,0.01609604188
793.7,0.01580179187,793.7,0.01698294149,793.7,0.02651586584,793.7,0.02795595108
794.4,0.01615084196,794.4,0.01777444005,794.4,0.02730565213,794.4,0.02975310318
795.1,0.0158319758,795.1,0.0159663021,795.1,0.026177386,795.1,0.02191392734
795.7,0.01584281106,795.7,0.01612522504,795.7,0.02153537678,795.7,0.02068966299
796.4,0.01619882667,796.4,0.01557133186,796.4,0.0217771481,796.4,0.02127468818
797.1,0.01595967705,797.1,0.01704682228,797.1,0.02780531284,797.1,0.02791953873
797.7,0.01676845166,797.7,0.01734752941,797.7,0.02461393151,797.7,0.02779573671
798.4,0.01571975348,798.4,0.0165295437,798.4,0.02010086699,798.4,0.01945326118
799,0.01612220592,799,0.0163830853,799,0.02314718554,799,0.02504781752
799.7,0.01572594506,799.7,0.01597876665,799.7,0.02098736181,799.7,0.0201442868
800.4,0.01591943181,800.4,0.01718938551,800.4,0.02624185835,800.4,0.02807651644
801,0.0155734775,801,0.01654122921,801,0.01876306572,801,0.02067590721
801.7,0.01528634317,801.7,0.01662770198,801.7,0.02324389407,801.7,0.02220522619
802.3,0.01584126316,802.3,0.01655914699,802.3,0.02321165789,802.3,0.02320535226
803,0.01541559232,803,0.01715744511,803,0.02914311411,803,0.02914703973
803.7,0.01577857346,803.7,0.01570532571,803.7,0.01653876964,803.7,0.017888339
804.3,0.01569498718,804.3,0.01524959081,804.3,0.01334738831,804.3,0.01445424917
805,0.01517953848,805,0.01651941625,805,0.02437216019,805,0.0236010332
805.6,0.01539159996,805.6,0.01523868434,805.6,0.01157439867,805.6,0.01132359564
806.3,0.01587763867,806.3,0.01713641119,806.3,0.02759577771,806.3,0.02803605827
807,0.01601385334,807,0.01663081812,807,0.02570996146,807,0.02394007271
807.6,0.01582268843,807.6,0.01586346961,807.6,0.01702231227,807.6,0.01645288298
808.3,0.0158962134,808.3,0.01544512835,808.3,0.01724796549,808.3,0.01876547222
808.9,0.01641553183,808.9,0.01642904831,808.9,0.02205115559,808.9,0.01971138433
809.6,0.01534825893,809.6,0.01744179253,809.6,0.02859509913,809.6,0.02953220155
810.3,0.0162553248,810.3,0.01735921492,810.3,0.0292881769,810.3,0.02776822515
810.9,0.01555180699,810.9,0.0164929291,810.9,0.02287317805,810.9,0.02123908499
811.6,0.01605487253,811.6,0.01505716941,811.6,0.01368586814,811.6,0.01255352414
812.3,0.01594806785,812.3,0.01652019529,812.3,0.02266364291,812.3,0.02460844174
812.9,0.01566325535,812.9,0.01600836994,812.9,0.02366296434,812.9,0.02202640106
813.6,0.01595658126,813.6,0.01600759091,813.6,0.01708678462,813.6,0.0184466618
814.2,0.01574993742,814.2,0.01545291869,814.2,0.0180216337,814.2,0.01886095351
814.9,0.01555258093,814.9,0.01598188279,814.9,0.02064888197,814.9,0.02309692435
815.6,0.01537612102,815.6,0.01682479759,815.6,0.02388861757,815.6,0.02419334088
816.2,0.01565396799,816.2,0.01613535249,816.2,0.02140643208,816.2,0.02133294796
816.9,0.0167444593,816.9,0.01704915938,816.9,0.02973948335,816.9,0.02825615073
817.5,0.01533897156,817.5,0.01540929279,817.5,0.01558780248,817.5,0.01694890019
818.2,0.01585287237,818.2,0.01525971825,818.2,0.01494307897,818.2,0.01544223778
818.9,0.01553942383,818.9,0.01467855888,818.9,0.01123591884,818.9,0.01061881425
819.5,0.01496515517,819.5,0.01465285076,819.5,0.01068790386,819.5,0.01281407478
820.2,0.01570040481,820.2,0.01562508521,820.2,0.01358915962,820.2,0.01496240384
820.8,0.01585287237,820.8,0.01552303175,820.8,0.02161596722,820.8,0.02028346292
821.5,0.0153559984,821.5,0.01577855491,821.5,0.01765091768,821.5,0.0158694761
822.2,0.01601385334,822.2,0.01629349639,822.2,0.01434670973,822.2,0.01820714941
822.8,0.01536683365,822.8,0.01549654459,822.8,0.01989133185,822.8,0.01894348818
823.5,0.01579095661,823.5,0.01594838432,823.5,0.02111630651,823.5,0.01857693713
824.1,0.0159852173,824.1,0.01578712428,824.1,0.0210034799,824.1,0.02279429721
824.8,0.01557270356,824.8,0.01548096391,824.8,0.01483025236,824.8,0.01794659877
825.5,0.01584745474,825.5,0.01694165269,825.5,0.02724117978,825.5,0.02995539405
826.1,0.0159225276,826.1,0.01554406567,826.1,0.0175058549,826.1,0.01708483966
826.8,0.01546357703,826.8,0.01621559299,826.8,0.02042322874,826.8,0.02018393581
827.4,0.01618644352,827.4,0.01655447278,827.4,0.01976238715,827.4,0.01982628555
828.1,0.01588537814,828.1,0.0153158087,828.1,0.01474966192,828.1,0.01392505625
828.8,0.01562146222,828.8,0.01510624855,828.8,0.01246089349,828.8,0.01485721258
829.4,0.01582423633,829.4,0.01530100706,829.4,0.01415329268,829.4,0.01323564896
830.1,0.01586138578,830.1,0.01502756612,830.1,0.0123158307,830.1,0.01463792928
830.7,0.0155866346,830.7,0.01542019926,830.7,0.009414574942,830.7,0.01274044091
831.4,0.01516405954,831.4,0.01510702759,831.4,0.009607991993,831.4,0.01155258891
832.1,0.01521823583,832.1,0.01551913658,832.1,0.01847294015,832.1,0.01698612171
832.7,0.01562223616,832.7,0.01582451791,832.7,0.01457236296,832.7,0.01675065514
833.4,0.01614852012,833.4,0.01619923327,833.4,0.0164581792,833.4,0.01613569089
834,0.01505338512,834,0.01548563812,834,0.01537826734,834,0.0132858171
834.7,0.01503403645,834.7,0.01637139979,834.7,0.02248634395,834.7,0.02288249603
835.4,0.01602081886,835.4,0.01573181287,835.4,0.01615193554,835.4,0.01956654407
836,0.01532736236,836,0.01475334615,836,0.01033330593,836,0.009716596963
836.7,0.01604326333,836.7,0.01639477081,836.7,0.02095512563,836.7,0.02359779655
837.3,0.01580024397,837.3,0.01670404732,837.3,0.02467840386,837.3,0.02643472373
838,0.01550691806,838,0.01671495379,838,0.0252747731,838,0.02389880537
838.7,0.0157019527,838.7,0.01552770596,838.7,0.01255760202,838.7,0.01638005826
839.3,0.0149163965,839.3,0.01505716941,839.3,0.01117144649,839.3,0.0128779987
840,0.01520275689,840,0.0159663021,840,0.02098736181,840,0.02164366673
840.6,0.01592175365,840.6,0.01509845821,840.6,0.01142933589,840.6,0.01335055017
841.3,0.01544268046,841.3,0.01548563812,841.3,0.01404046607,841.3,0.01414919453
842,0.01532813631,842,0.01548252198,842,0.01441118208,842,0.01504493851
842.6,0.01572052743,842.6,0.01440044374,842.6,0.01268654672,842.6,0.009324961836
843.3,0.01558276487,843.3,0.01537813142,843.3,0.01637758877,843.3,0.01855832637
843.9,0.01519811321,843.9,0.01478996074,843.9,0.01354080536,843.9,0.01553610075
844.6,0.01561372275,844.6,0.01513507281,844.6,0.01267042863,844.6,0.0127072652
845.3,0.01516870322,845.3,0.01602317159,845.3,0.01976238715,845.3,0.0176512541
845.9,0.01567796035,845.9,0.01560405129,845.9,0.01621640789,845.9,0.0177111322
846.6,0.01611911013,846.6,0.01567883855,846.6,0.01781209856,846.6,0.01745462737
847.3,0.0150084962,847.3,0.01584788893,847.3,0.0140082299,847.3,0.01531519912
847.9,0.01622591482,847.9,0.01520908104,847.9,0.01963344245,847.9,0.01639866902
848.6,0.01524687187,848.6,0.01543967511,848.6,0.01715125697,848.6,0.01677088423
849.2,0.01551388358,849.2,0.01543889608,849.2,0.01673218669,849.2,0.01687364799
849.9,0.01562533195,849.9,0.01598110375,849.9,0.01661936008,849.9,0.01618100405
850.6,0.01548137781,850.6,0.01506418072,850.6,0.01126815501,850.6,0.01083000592
851.2,0.01552007516,851.2,0.01432955164,851.2,0.01188064234,851.2,0.01033075205
851.9,0.01488543862,851.9,0.01556120442,851.9,0.0185374125,851.9,0.01824113428
852.5,0.01507582959,852.5,0.01659342449,852.5,0.02185773854,852.5,0.02696877163
853.2,0.01566093351,853.2,0.0156983144,853.2,0.01608746319,853.2,0.0167093878
853.9,0.01561681853,853.9,0.01789207419,853.9,0.03199601561,853.9,0.03119988749
854.5,0.0157793474,854.5,0.01680532174,854.5,0.02119689695,854.5,0.02556568215
855.2,0.01597283415,855.2,0.01927330149,855.2,0.0465184125,855.2,0.04534325605
855.8,0.01564932431,855.8,0.01529399575,855.8,0.01708678462,855.8,0.01567770436
856.5,0.01564622852,856.5,0.01673598771,856.5,0.02833720973,856.5,0.02926841425
857.2,0.01555877251,857.2,0.01621870913,857.2,0.02232516307,857.2,0.02322315386
857.8,0.01527241212,857.8,0.01537968949,857.8,0.01976238715,857.8,0.01855832637
858.5,0.0156114009,858.5,0.01491850136,858.5,0.0118000519,858.5,0.007922681516
859.1,0.01501236593,859.1,0.01463960718,859.1,0.008705379089,859.1,0.008430027021
859.8,0.01578940871,859.8,0.01671884896,859.8,0.02145478635,859.8,0.02183624764
860.5,0.01604094149,860.5,0.016078483,860.5,0.02053605536,860.5,0.02171001814
861.1,0.01604790701,861.1,0.01427424023,861.1,0.005385053053,861.1,0.005112456732
861.8,0.01579947002,861.8,0.01463415394,861.8,0.01112309222,861.8,0.01332222945
862.4,0.01569343929,862.4,0.01463415394,862.4,0.009269512154,862.4,0.01127423667
863.1,0.01577547767,863.1,0.01832132193,863.1,0.03206048796,863.1,0.03386527201
863.8,0.01509827405,863.8,0.01458585383,863.8,0.01252536584,863.8,0.01218778225
864.4,0.01501081804,864.4,0.01590086325,864.4,0.02081006284,864.4,0.02352173518
865.1,0.01590240497,865.1,0.0163830853,865.1,0.02409815271,865.1,0.02413669943
865.8,0.01568647376,865.8,0.01691828167,865.8,0.01940778923,865.8,0.02013943182
866.4,0.01625222902,866.4,0.01670326828,866.4,0.02429156976,866.4,0.02432442536
867.1,0.01577006004,867.1,0.01606835556,867.1,0.02400144418,867.1,0.02610377586
867.7,0.01563307142,867.7,0.01471127831,867.7,0.01334738831,867.7,0.01134139724
868.4,0.01528479527,868.4,0.01624285918,868.4,0.02296988658,868.4,0.02142681092
869.1,0.01587144709,869.1,0.01457884253,869.1,0.009333984504,869.1,0.01013978947
869.7,0.01561062696,869.7,0.01527763604,869.7,0.01603910893,869.7,0.01580231553
870.4,0.01546435098,870.4,0.01549654459,870.4,0.01589404614,870.4,0.01945002453
871,0.01521978373,871,0.015620411,871,0.01976238715,871,0.01842886021
871.7,0.01544732414,871.7,0.01575128872,871.7,0.01660324199,871.7,0.01804693504
872.4,0.01569498718,872.4,0.01569208213,872.4,0.01613581745,872.4,0.01811490478
873,0.01572749295,873,0.01615950254,873,0.02106795225,873,0.02213806562
873.7,0.01537689497,873.7,0.01394237174,873.7,0.009269512154,873.7,0.006509882071
874.3,0.01547596018,874.3,0.01617664129,874.3,0.02443663254,874.3,0.02412941696
875,0.01535832024,875,0.01569052406,875,0.0127026648,875,0.01282459391
875.7,0.01555335488,875.7,0.01453911179,875.7,0.009511283467,875.7,0.01101854101
876.3,0.01562920169,876.3,0.01685751702,876.3,0.02477511238,876.3,0.02523958926
877,0.01561914037,877,0.01501198544,877,0.01320232552,877,0.01307462543
877.6,0.01558276487,877.6,0.01642125797,877.6,0.01947226158,877.6,0.01912150415
878.3,0.01644339392,878.3,0.01673209254,878.3,0.02168043957,878.3,0.02366657545
879,0.01621972324,879,0.01647968552,879,0.02287317805,879,0.02243260113
879.6,0.01615548564,879.6,0.01682168145,879.6,0.02232516307,879.6,0.02425079148
880.3,0.01532658841,880.3,0.01727819538,880.3,0.0266931648,880.3,0.02813477621
880.9,0.01584048922,880.9,0.0157715436,880.9,0.0256616072,880.9,0.02461248756
881.6,0.01591246629,881.6,0.01672741834,881.6,0.02574219764,881.6,0.02575340808
882.3,0.01540166127,882.3,0.01491772232,882.3,0.008270190725,882.3,0.01093519717
882.9,0.01584203711,882.9,0.01543266381,882.9,0.01939167114,882.9,0.01760108596
883.6,0.01527318607,883.6,0.01473698643,883.6,0.01105861987,883.6,0.0111318239
884.2,0.01537302523,884.2,0.0157279177,884.2,0.01673218669,884.2,0.01860202119
884.9,0.0158830563,884.9,0.01466609434,884.9,0.01052672298,884.9,0.0108170593
885.6,0.01538463444,885.6,0.01533061035,885.6,0.01365363197,885.6,0.01384333074
886.2,0.01542720152,886.2,0.01472218479,886.2,0.01168722529,886.2,0.01037930186
886.9,0.0154070789,886.9,0.01577232264,886.9,0.01826340501,886.9,0.01693433525
887.5,0.01549840464,887.5,0.01529243768,887.5,0.01599075467,887.5,0.0138773156
888.2,0.01569808297,888.2,0.01577933394,888.2,0.01826340501,888.2,0.02161615518
888.9,0.01585906394,888.9,0.01713719023,888.9,0.02725729787,888.9,0.02874164883
889.5,0.0160378457,889.5,0.01568117566,889.5,0.02097124372,889.5,0.01817478287
890.2,0.01559592196,890.2,0.01872408251,890.2,0.0358965928,890.2,0.0387785127
890.8,0.01589543945,890.8,0.01617975742,890.8,0.02087453519,890.8,0.02363259058
891.5,0.01600611387,891.5,0.01782975146,891.5,0.02774084049,891.5,0.03005006618
892.2,0.01582888001,892.2,0.01681233304,892.2,0.02198668324,892.2,0.02464889992
892.8,0.01581959265,892.8,0.01452197304,892.8,0.008689261002,892.8,0.009406687348
893.5,0.01520740057,893.5,0.01681778628,893.5,0.02143866826,893.5,0.02478241189
894.1,0.01554019778,894.1,0.0163098561,894.1,0.02118077886,894.1,0.0230184355
894.8,0.01533045815,894.8,0.01509612111,894.8,0.01043001446,894.8,0.0101389803
895.5,0.0156524201,895.5,0.01458195866,895.5,0.01354080536,895.5,0.0141500037
896.1,0.01503403645,896.1,0.01569519827,896.1,0.01873082955,896.1,0.01675631928
896.8,0.01576077267,896.8,0.01559626095,896.8,0.01823116884,896.8,0.01735590943
897.4,0.01529950027,897.4,0.01586580672,897.4,0.01405658416,897.4,0.01651114275
898.1,0.01615238985,898.1,0.01667366499,898.1,0.02840168208,898.1,0.02709338281
898.8,0.01542565363,898.8,0.01566481594,898.8,0.0165871239,898.8,0.01620527895
899.4,0.0156887956,899.4,0.01503301936,899.4,0.009076095103,899.4,0.007860375928